age,Medu,Fedu,traveltime,studytime,failures,famrel,freetime,goout,health,absences,G1,G2,G3,school_GP,school_MS,sex_F,sex_M,address_R,address_U,famsize_GT3,famsize_LE3,Pstatus_A,Pstatus_T,Mjob_at_home,Mjob_health,Mjob_other,Mjob_services,Mjob_teacher,Fjob_at_home,Fjob_health,Fjob_other,Fjob_services,Fjob_teacher,reason_course,reason_home,reason_other,reason_reputation,guardian_father,guardian_mother,guardian_other,schoolsup_no,schoolsup_yes,famsup_no,famsup_yes,paid_no,paid_yes,activities_no,activities_yes,nursery_no,nursery_yes,higher_no,higher_yes,internet_no,internet_yes,romantic_no,romantic_yes,T,propensity
18,4,4,2,2,0,4,3,4,3,4,0,11,11,1,0,1,0,0,1,1,0,1,0,1,0,0,0,0,0,0,0,0,1,1,0,0,0,0,1,0,0,1,1,0,1,0,1,0,0,1,0,1,1,0,1,0,0,0.03294360416852767
17,1,1,1,2,0,5,3,3,3,2,9,11,11,1,0,1,0,0,1,1,0,0,1,1,0,0,0,0,0,0,1,0,0,1,0,0,0,1,0,0,1,0,0,1,1,0,1,0,1,0,0,1,0,1,1,0,0,0.08224058557487222
15,4,2,1,3,0,3,2,2,5,0,14,14,14,1,0,1,0,0,1,1,0,0,1,0,1,0,0,0,0,0,0,1,0,0,1,0,0,0,1,0,1,0,0,1,1,0,0,1,0,1,0,1,0,1,0,1,0,0.058529202803670355
16,2,2,1,2,0,4,4,4,3,0,13,12,13,1,0,0,1,0,1,0,1,0,1,0,0,1,0,0,0,0,1,0,0,0,1,0,0,0,1,0,1,0,1,0,1,0,1,0,0,1,0,1,0,1,1,0,0,0.5258132150228747
15,3,2,1,2,0,4,2,2,1,0,15,16,17,1,0,0,1,0,1,0,1,1,0,0,0,0,1,0,0,0,1,0,0,0,1,0,0,0,1,0,1,0,0,1,1,0,1,0,0,1,0,1,0,1,1,0,0,0.053286046717385925
15,3,4,1,2,0,5,5,1,5,0,12,12,13,1,0,0,1,0,1,1,0,0,1,0,0,1,0,0,0,0,1,0,0,0,1,0,0,0,1,0,1,0,0,1,1,0,0,1,0,1,0,1,0,1,1,0,0,0.05164040312232306
15,2,2,1,3,0,4,5,2,3,0,14,14,15,1,0,0,1,0,1,1,0,1,0,0,0,1,0,0,0,0,1,0,0,0,1,0,0,0,0,1,1,0,0,1,1,0,1,0,0,1,0,1,0,1,0,1,0,0.06265536586158783
17,3,2,1,1,3,5,5,5,5,2,8,8,7,1,0,0,1,0,1,1,0,0,1,0,0,0,1,0,0,0,0,1,0,1,0,0,0,0,1,0,1,0,0,1,0,1,0,1,0,1,0,1,0,1,1,0,1,0.8822330184692792
15,4,3,1,2,0,4,4,1,1,0,12,13,14,1,0,0,1,0,1,1,0,0,1,0,0,0,0,1,0,0,1,0,0,0,0,0,1,0,1,0,1,0,1,0,1,0,1,0,0,1,0,1,0,1,1,0,0,0.04122921822343132
15,4,4,1,1,0,5,4,2,5,0,11,12,12,1,0,0,1,0,1,1,0,0,1,0,1,0,0,0,0,1,0,0,0,0,0,1,0,1,0,0,1,0,0,1,0,1,1,0,0,1,0,1,0,1,1,0,0,0.35792218759794453
16,2,2,2,2,0,5,4,4,5,2,10,10,10,1,0,0,1,0,1,0,1,0,1,0,0,1,0,0,0,0,1,0,0,0,0,0,1,0,1,0,1,0,0,1,1,0,0,1,0,1,0,1,0,1,1,0,1,0.526514309242144
15,4,2,1,1,0,2,2,4,1,0,11,11,11,1,0,0,1,0,1,1,0,0,1,0,1,0,0,0,0,0,0,1,0,0,0,1,0,0,1,0,1,0,1,0,1,0,1,0,0,1,0,1,0,1,1,0,1,0.808936525610493
16,3,4,1,2,0,5,3,3,5,2,12,12,13,1,0,0,1,0,1,0,1,1,0,0,0,0,1,0,0,0,1,0,0,0,1,0,0,0,1,0,0,1,0,1,0,1,0,1,0,1,0,1,0,1,1,0,0,0.3570306290443885
16,4,4,1,2,0,4,4,5,5,4,12,11,12,1,0,0,1,0,1,1,0,0,1,0,0,0,0,1,0,0,0,0,1,0,1,0,0,0,1,0,1,0,0,1,0,1,0,1,0,1,0,1,0,1,0,1,1,0.80823871970309
15,4,4,1,2,0,5,4,2,5,0,10,11,11,1,0,0,1,0,1,1,0,0,1,0,1,0,0,0,0,0,0,1,0,0,1,0,0,0,1,0,1,0,0,1,0,1,1,0,1,0,0,1,0,1,1,0,1,0.3627877089626481
15,4,4,2,2,0,4,3,1,5,2,15,15,15,1,0,0,1,0,1,1,0,0,1,0,0,0,1,0,0,0,0,1,0,0,0,0,1,0,1,0,1,0,0,1,1,0,0,1,0,1,0,1,0,1,1,0,0,0.13354231518808618
15,4,3,1,2,0,4,5,2,5,0,13,14,15,1,0,0,1,1,0,1,0,0,1,0,0,0,0,1,1,0,0,0,0,1,0,0,0,0,1,0,1,0,0,1,1,0,0,1,0,1,0,1,0,1,0,1,0,0.22775572602994068
15,3,3,1,2,0,5,3,2,2,0,13,12,12,1,0,0,1,0,1,0,1,0,1,0,0,1,0,0,0,0,1,0,0,1,0,0,0,0,1,0,1,0,1,0,1,0,0,1,1,0,0,1,0,1,1,0,0,0.13065171018863614
16,3,2,1,1,0,5,4,3,5,4,12,12,12,1,0,0,1,0,1,1,0,0,1,0,0,1,0,0,0,0,1,0,0,0,1,0,0,0,1,0,1,0,0,1,1,0,1,0,1,0,0,1,0,1,1,0,0,0.5009774719162474
15,2,3,2,1,0,3,5,1,5,4,11,11,11,1,0,1,0,0,1,1,0,0,1,0,0,1,0,0,0,0,1,0,0,0,0,1,0,1,0,0,1,0,0,1,1,0,0,1,0,1,0,1,1,0,1,0,0,0.04366786805912618
15,4,3,1,3,0,5,4,3,4,0,14,14,14,1,0,0,1,0,1,0,1,0,1,0,0,0,0,1,0,0,0,1,0,0,1,0,0,0,1,0,1,0,0,1,1,0,0,1,0,1,0,1,0,1,1,0,0,0.415272182747509
16,4,4,2,3,0,2,4,3,5,4,13,13,13,1,0,0,1,1,0,1,0,1,0,0,0,1,0,0,0,0,0,0,1,0,0,0,1,0,1,0,1,0,0,1,1,0,0,1,0,1,0,1,0,1,0,1,0,0.3012504525245712
15,4,4,1,1,0,5,4,3,5,8,10,11,11,1,0,0,1,0,1,0,1,0,1,0,0,0,0,1,0,0,1,0,0,0,1,0,0,0,0,1,1,0,0,1,1,0,1,0,1,0,0,1,0,1,0,1,1,0.828899042242199
15,4,4,1,2,0,4,3,3,5,0,14,15,15,1,0,0,1,0,1,1,0,0,1,0,0,0,1,0,0,0,0,0,1,1,0,0,0,1,0,0,1,0,0,1,1,0,0,1,0,1,0,1,0,1,1,0,0,0.17477841341964082
15,2,2,1,1,0,5,4,1,1,0,9,10,10,1,0,0,1,0,1,1,0,0,1,0,0,0,1,0,0,0,0,1,0,1,0,0,0,1,0,0,0,1,0,1,1,0,1,0,0,1,0,1,0,1,1,0,0,0.05820201110886174
16,4,3,1,4,0,4,2,2,2,2,17,17,17,1,0,0,1,0,1,1,0,0,1,0,1,0,0,0,0,0,0,1,0,0,0,0,1,0,1,0,1,0,1,0,1,0,0,1,0,1,0,1,0,1,1,0,0,0.08310657363087803
15,4,4,1,2,0,4,4,4,3,2,13,12,12,1,0,1,0,0,1,1,0,0,1,0,0,0,1,0,0,0,0,0,1,0,0,1,0,1,0,0,0,1,0,1,1,0,0,1,1,0,0,1,0,1,1,0,0,0.1387244719398742
15,4,2,1,2,0,4,3,3,5,0,16,14,16,1,0,1,0,0,1,0,1,0,1,0,1,0,0,0,0,0,1,0,0,0,0,1,0,0,1,0,1,0,0,1,1,0,1,0,0,1,0,1,0,1,1,0,0,0.11568702461082093
15,4,2,2,1,0,5,5,5,5,4,10,9,9,1,0,0,1,0,1,0,1,1,0,0,1,0,0,0,0,1,0,0,0,0,0,1,0,1,0,0,1,0,1,0,1,0,1,0,0,1,0,1,1,0,1,0,1,0.7890400386563718
15,3,3,1,1,0,5,3,4,1,0,13,12,13,1,0,1,0,0,1,0,1,1,0,0,0,1,0,0,0,0,1,0,0,0,0,1,0,0,1,0,1,0,1,0,1,0,1,0,0,1,0,1,0,1,1,0,1,0.0782257007520059
16,2,1,1,2,0,5,3,4,2,2,12,13,12,1,0,1,0,0,1,1,0,1,0,0,0,1,0,0,0,0,1,0,0,0,0,1,0,0,1,0,1,0,1,0,1,0,0,1,0,1,0,1,0,1,0,1,0,0.07133063288019985
15,4,4,1,2,0,3,2,2,5,8,15,15,16,1,0,0,1,0,1,1,0,0,1,0,0,0,0,1,0,1,0,0,0,0,0,0,1,0,1,0,1,0,0,1,1,0,0,1,0,1,0,1,1,0,1,0,0,0.3237768191944962
15,1,2,1,2,0,4,3,2,5,0,14,13,14,1,0,0,1,0,1,0,1,0,1,0,0,1,0,0,1,0,0,0,0,0,1,0,0,1,0,0,0,1,0,1,1,0,0,1,0,1,0,1,0,1,1,0,0,0.22852409893135062
16,4,2,1,2,0,4,2,3,5,2,16,15,16,1,0,1,0,0,1,1,0,0,1,0,0,0,1,0,0,0,1,0,0,1,0,0,0,0,1,0,1,0,0,1,0,1,1,0,0,1,0,1,0,1,1,0,0,0.0691731829524401
16,1,1,4,1,0,5,5,5,5,0,10,10,16,1,0,1,0,0,1,1,0,0,1,0,0,0,1,0,0,0,0,1,0,1,0,0,0,1,0,0,0,1,0,1,1,0,0,1,1,0,0,1,0,1,0,1,1,0.653125989869154
16,1,2,1,2,0,4,4,3,1,0,13,13,10,1,0,1,0,0,1,0,1,0,1,0,0,1,0,0,0,0,0,1,0,0,0,0,1,1,0,0,0,1,1,0,1,0,0,1,0,1,0,1,0,1,1,0,0,0.1009709965771392
16,4,3,1,3,0,3,4,4,4,0,14,13,13,1,0,1,0,0,1,1,0,0,1,0,0,0,0,1,0,1,0,0,0,0,1,0,0,0,1,0,0,1,0,1,1,0,0,1,0,1,0,1,0,1,1,0,1,0.18662327918511676
15,4,3,1,2,0,4,4,4,2,0,13,12,12,1,0,1,0,0,1,0,1,0,1,0,0,0,1,0,0,0,0,1,0,0,0,0,1,1,0,0,0,1,1,0,1,0,0,1,0,1,0,1,0,1,0,1,1,0.2305150430834364
15,4,4,1,4,0,1,3,3,3,0,11,12,12,1,0,0,1,0,1,1,0,1,0,0,0,1,0,0,0,0,0,1,0,0,0,0,1,0,1,0,1,0,0,1,1,0,0,1,1,0,0,1,0,1,0,1,1,0.49452737864274754
16,3,1,2,4,0,4,3,2,5,2,13,11,11,1,0,0,1,0,1,1,0,0,1,0,0,1,0,0,0,0,1,0,0,0,0,0,1,1,0,0,1,0,0,1,1,0,1,0,0,1,0,1,0,1,1,0,0,0.0935496247718285
15,4,2,1,4,0,3,3,3,3,0,11,9,10,1,0,0,1,0,1,1,0,0,1,0,0,1,0,0,0,0,1,0,0,1,0,0,0,0,1,0,1,0,1,0,1,0,1,0,0,1,0,1,0,1,1,0,0,0.12080458700372178
15,1,1,1,2,0,3,3,4,5,2,13,11,11,1,0,1,0,1,0,1,0,0,1,0,0,1,0,0,0,0,1,0,0,0,0,0,1,0,1,0,0,1,0,1,1,0,1,0,1,0,0,1,0,1,0,1,1,0.4529768282115324
16,3,3,1,2,0,4,3,3,5,4,11,11,11,1,0,1,0,0,1,1,0,0,1,0,0,1,0,0,0,0,0,1,0,0,1,0,0,0,1,0,0,1,0,1,1,0,0,1,0,1,0,1,0,1,1,0,1,0.16427271020991216
15,4,0,2,4,0,3,4,3,1,0,12,11,11,1,0,0,1,0,1,1,0,0,1,0,0,0,0,1,0,0,1,0,0,1,0,0,0,0,1,0,1,0,1,0,1,0,0,1,0,1,0,1,0,1,1,0,0,0.11371301355227446
17,2,1,2,1,3,4,5,1,3,0,9,9,10,1,0,0,1,0,1,1,0,0,1,0,0,1,0,0,0,0,1,0,0,0,1,0,0,0,1,0,0,1,0,1,1,0,0,1,0,1,1,0,0,1,1,0,0,0.09570021224930468
15,3,2,1,2,0,4,4,4,5,4,12,11,11,1,0,1,0,0,1,0,1,0,1,0,0,0,1,0,0,0,1,0,0,0,0,0,1,0,1,0,1,0,0,1,1,0,1,0,0,1,0,1,0,1,1,0,0,0.16138159927949
16,2,2,2,2,0,4,4,2,3,6,12,10,11,1,0,0,1,0,1,1,0,0,1,0,0,0,1,0,0,0,1,0,0,0,0,0,1,1,0,0,1,0,1,0,1,0,0,1,1,0,0,1,0,1,1,0,0,0.28687163486878003
16,4,4,1,2,0,4,1,3,5,6,9,9,10,1,0,0,1,0,1,0,1,1,0,0,0,0,0,1,0,1,0,0,0,0,0,0,1,0,1,0,1,0,0,1,1,0,1,0,0,1,0,1,1,0,1,0,1,0.4119606556060822
16,4,2,2,2,0,5,3,3,1,2,13,14,14,1,0,1,0,0,1,1,0,0,1,0,0,0,0,1,0,0,0,1,0,0,1,0,0,0,1,0,1,0,0,1,1,0,0,1,0,1,0,1,0,1,1,0,0,0.05064123011879378
15,2,2,1,4,0,4,3,4,4,2,11,12,12,1,0,0,1,0,1,0,1,0,1,0,0,0,1,0,0,1,0,0,0,0,0,0,1,0,1,0,1,0,0,1,1,0,0,1,0,1,0,1,0,1,1,0,0,0.33353363039079265
16,4,3,2,1,0,3,3,3,4,6,9,11,11,1,0,0,1,1,0,1,0,0,1,0,0,0,1,0,0,0,1,0,0,0,0,0,1,0,1,0,0,1,0,1,0,1,0,1,1,0,0,1,0,1,1,0,0,0.8069239531794807
16,2,1,1,2,0,4,3,5,5,0,13,12,12,1,0,1,0,0,1,1,0,0,1,0,0,1,0,0,0,0,1,0,0,1,0,0,0,0,1,0,1,0,0,1,1,0,1,0,0,1,0,1,1,0,0,1,0,0.18014627700833602
16,4,3,1,3,0,5,3,5,3,2,12,13,13,1,0,1,0,0,1,1,0,0,1,0,0,1,0,0,1,0,0,0,0,1,0,0,0,0,1,0,0,1,0,1,1,0,1,0,0,1,0,1,0,1,1,0,0,0.04772344848787303
16,4,4,1,1,0,4,5,5,4,12,9,9,8,1,0,0,1,0,1,1,0,0,1,0,0,0,1,0,0,0,0,1,0,0,0,1,0,0,1,0,0,1,0,1,1,0,0,1,0,1,0,1,0,1,1,0,1,0.9498864838935348
16,4,4,1,3,0,4,4,3,4,0,16,16,16,1,0,0,1,0,1,1,0,0,1,0,0,0,1,0,0,0,0,0,1,0,0,1,0,1,0,0,1,0,0,1,1,0,0,1,0,1,0,1,0,1,0,1,0,0.21122632317430454
15,4,4,1,1,0,5,3,3,5,2,12,13,12,1,0,0,1,0,1,1,0,0,1,0,0,0,1,0,0,0,1,0,0,1,0,0,0,0,1,0,1,0,0,1,0,1,0,1,1,0,0,1,0,1,1,0,0,0.49829801754235004
15,3,2,2,2,0,4,3,5,2,16,11,10,10,1,0,1,0,0,1,1,0,0,1,0,0,0,1,0,0,0,1,0,0,0,1,0,0,0,1,0,0,1,0,1,1,0,1,0,0,1,0,1,0,1,1,0,0,0.24084647920042426
15,3,4,1,2,0,5,4,4,1,0,16,16,16,1,0,0,1,0,1,1,0,1,0,0,0,0,1,0,0,0,1,0,0,1,0,0,0,0,1,0,1,0,0,1,1,0,0,1,0,1,0,1,0,1,1,0,0,0.10604718175741962
16,3,3,1,3,0,5,3,3,5,4,13,14,14,1,0,0,1,0,1,1,0,0,1,0,0,0,1,0,0,0,1,0,0,0,1,0,0,1,0,0,1,0,0,1,1,0,0,1,0,1,0,1,0,1,1,0,0,0.2581186483508272
15,4,4,4,4,0,1,3,5,1,8,12,10,11,1,0,0,1,1,0,1,0,0,1,0,0,1,0,0,0,0,1,0,0,0,1,0,0,1,0,0,1,0,0,1,1,0,0,1,0,1,0,1,0,1,0,1,1,0.8200946604821129
16,4,4,1,3,0,5,4,5,4,2,15,15,14,1,0,1,0,0,1,0,1,0,1,0,1,0,0,0,0,1,0,0,0,0,0,1,0,0,1,0,1,0,0,1,1,0,0,1,0,1,0,1,0,1,0,1,0,0.28807901227344346
15,4,4,1,1,0,5,5,3,4,4,13,14,14,1,0,0,1,0,1,0,1,1,0,0,0,0,0,1,0,0,0,0,1,1,0,0,0,0,1,0,1,0,1,0,1,0,0,1,0,1,0,1,0,1,1,0,0,0.22559232679811297
16,2,2,1,2,1,3,1,2,5,12,8,10,10,1,0,1,0,0,1,1,0,0,1,1,0,0,0,0,0,0,1,0,0,0,1,0,0,0,1,0,0,1,1,0,1,0,0,1,0,1,0,1,0,1,1,0,0,0.15289029509195654
15,4,2,1,1,0,3,5,2,3,10,18,17,18,1,0,0,1,0,1,0,1,0,1,0,0,0,0,1,0,0,1,0,0,1,0,0,0,0,1,0,1,0,1,0,1,0,1,0,0,1,0,1,0,1,1,0,0,0.47660998260559556
15,2,1,1,2,0,5,4,2,5,4,10,9,10,1,0,0,1,1,0,1,0,0,1,0,1,0,0,0,0,0,0,1,0,0,0,0,1,0,1,0,1,0,1,0,1,0,0,1,0,1,0,1,0,1,0,1,0,0.3719072541209168
15,4,4,2,2,0,4,4,3,2,4,16,15,16,1,0,0,1,0,1,1,0,0,1,0,0,1,0,0,0,0,0,0,1,0,0,0,1,1,0,0,1,0,0,1,1,0,0,1,0,1,0,1,1,0,1,0,0,0.0672673999801962
16,3,3,2,1,0,5,4,2,5,6,14,14,15,1,0,0,1,0,1,1,0,0,1,0,0,1,0,0,0,0,0,1,0,0,1,0,0,1,0,0,1,0,1,0,1,0,0,1,0,1,0,1,0,1,1,0,0,0.4811258325025931
16,2,2,1,2,0,5,4,4,5,0,12,11,11,1,0,1,0,0,1,1,0,0,1,0,0,1,0,0,0,0,1,0,0,0,1,0,0,0,1,0,1,0,1,0,1,0,1,0,0,1,0,1,0,1,0,1,0,0.1243105987561872
19,0,1,1,2,2,3,4,2,5,0,9,10,11,1,0,1,0,0,1,1,0,0,1,1,0,0,0,0,0,0,1,0,0,1,0,0,0,0,0,1,1,0,0,1,1,0,1,0,1,0,1,0,1,0,1,0,0,0.10598162418464112
16,4,4,1,1,0,3,5,5,4,8,14,14,15,1,0,0,1,1,0,1,0,0,1,0,0,0,0,1,0,0,0,0,1,1,0,0,0,0,1,0,1,0,1,0,1,0,0,1,0,1,0,1,0,1,1,0,1,0.891344311576115
16,2,1,4,1,0,3,2,1,2,4,9,9,11,1,0,0,1,0,1,1,0,0,1,1,0,0,0,0,0,0,1,0,0,1,0,0,0,0,1,0,1,0,1,0,1,0,1,0,0,1,0,1,1,0,1,0,0,0.08337462862638188
16,2,2,1,1,1,5,3,4,5,12,13,11,11,1,0,1,0,0,1,1,0,1,0,0,0,1,0,0,0,0,1,0,0,0,1,0,0,0,1,0,1,0,1,0,1,0,1,0,0,1,0,1,1,0,1,0,0,0.1275352639999078
15,3,4,4,2,0,5,3,3,5,2,12,11,11,1,0,0,1,1,0,1,0,0,1,1,0,0,0,0,0,0,0,0,1,1,0,0,0,0,1,0,1,0,0,1,1,0,1,0,0,1,0,1,1,0,0,1,0,0.15706894727573734
17,3,4,3,2,0,5,4,5,5,2,10,9,10,1,0,0,1,1,0,1,0,0,1,1,0,0,0,0,0,0,1,0,0,1,0,0,0,0,1,0,1,0,1,0,1,0,1,0,0,1,0,1,1,0,1,0,1,0.7272274157441587
18,3,1,2,1,0,3,3,4,4,2,11,11,12,1,0,0,1,0,1,0,1,0,1,0,0,0,1,0,0,0,0,1,0,1,0,0,0,0,1,0,1,0,1,0,1,0,0,1,0,1,0,1,0,1,0,1,1,0.9024250681730116
18,3,2,1,3,0,4,3,3,5,10,12,11,11,1,0,1,0,0,1,1,0,1,0,0,0,1,0,0,0,0,0,1,0,1,0,0,0,0,0,1,1,0,0,1,1,0,0,1,1,0,0,1,0,1,0,1,1,0.22826919274845944
16,3,3,2,1,0,4,3,2,5,4,9,9,10,1,0,1,0,0,1,1,0,1,0,0,0,1,0,0,0,0,1,0,0,1,0,0,0,0,0,1,1,0,0,1,1,0,0,1,1,0,0,1,0,1,0,1,0,0.083650606794347
15,4,4,2,1,0,4,3,2,5,6,13,14,14,1,0,1,0,0,1,1,0,0,1,0,0,0,0,1,0,0,0,0,1,1,0,0,0,0,1,0,1,0,1,0,1,0,0,1,0,1,0,1,0,1,1,0,0,0.04145039371469929
15,1,1,3,1,1,5,5,5,1,2,8,9,9,1,0,1,0,1,0,1,0,0,1,0,0,1,0,0,0,0,1,0,0,1,0,0,0,0,1,0,1,0,1,0,1,0,0,1,0,1,0,1,0,1,0,1,0,0.18618581341912832
15,4,3,2,4,0,2,2,2,3,6,9,11,11,1,0,0,1,0,1,1,0,0,1,0,0,0,0,1,0,0,0,1,0,1,0,0,0,1,0,0,0,1,0,1,1,0,1,0,0,1,0,1,0,1,1,0,0,0.3835147571960621
15,4,4,1,3,0,4,2,2,5,2,13,13,13,1,0,1,0,0,1,1,0,0,1,0,0,0,0,1,0,0,0,1,0,1,0,0,0,0,1,0,1,0,0,1,1,0,0,1,0,1,0,1,0,1,1,0,0,0.05732846157000828
16,1,1,1,1,0,3,4,4,1,4,10,11,11,1,0,1,0,0,1,0,1,0,1,1,0,0,0,0,1,0,0,0,0,1,0,0,0,0,1,0,1,0,1,0,1,0,1,0,0,1,0,1,0,1,1,0,1,0.14858880475642508
15,2,1,2,1,0,4,4,2,5,0,11,10,10,1,0,1,0,0,1,0,1,1,0,1,0,0,0,0,0,0,1,0,0,0,1,0,0,0,1,0,1,0,0,1,1,0,0,1,0,1,1,0,0,1,0,1,0,0.058048658230122965
15,3,2,1,2,1,3,3,2,3,2,11,11,11,1,0,1,0,0,1,1,0,0,1,0,1,0,0,0,0,0,0,1,0,0,1,0,0,1,0,0,1,0,0,1,1,0,1,0,0,1,0,1,0,1,1,0,0,0.06304102373258887
15,1,2,1,2,0,4,3,2,5,6,13,12,13,1,0,1,0,0,1,1,0,0,1,1,0,0,0,0,0,0,1,0,0,1,0,0,0,0,1,0,1,0,0,1,1,0,1,0,1,0,0,1,0,1,1,0,0,0.07320771422555966
15,1,2,1,2,0,2,3,4,1,6,11,11,11,1,0,1,0,0,1,1,0,0,1,1,0,0,0,0,0,0,0,1,0,1,0,0,0,1,0,0,1,0,1,0,1,0,1,0,1,0,0,1,1,0,0,1,1,0.43264169255783086
15,2,1,4,1,0,4,5,5,5,0,12,11,11,1,0,0,1,0,1,0,1,1,0,0,0,0,1,0,0,0,1,0,0,1,0,0,0,0,1,0,1,0,1,0,1,0,1,0,0,1,0,1,0,1,1,0,1,0.7359220907719262
18,1,1,1,1,2,2,3,5,4,0,11,9,0,1,0,0,1,0,1,0,1,0,1,0,0,1,0,0,0,0,1,0,0,1,0,0,0,0,1,0,1,0,1,0,1,0,1,0,0,1,1,0,0,1,0,1,1,0.9482233236868866
16,2,1,1,1,1,4,4,4,5,6,9,10,10,1,0,0,1,0,1,0,1,0,1,1,0,0,0,0,0,0,1,0,0,1,0,0,0,0,1,0,1,0,1,0,1,0,0,1,0,1,0,1,1,0,0,1,1,0.7851588930760752
19,3,2,1,1,0,4,5,4,4,6,11,9,11,1,0,0,1,0,1,1,0,0,1,0,0,0,1,0,1,0,0,0,0,0,1,0,0,0,1,0,1,0,0,1,1,0,1,0,0,1,1,0,0,1,0,1,0,0.6077738356543202
15,2,3,1,2,0,4,4,4,1,0,7,8,8,1,0,0,1,1,0,1,0,0,1,1,0,0,0,0,0,0,0,1,0,1,0,0,0,0,1,0,0,1,1,0,0,1,0,1,0,1,0,1,1,0,1,0,0,0.5780758368314932
17,1,2,1,1,3,2,2,2,5,14,9,8,10,1,0,0,1,1,0,0,1,0,1,0,0,1,0,0,0,0,1,0,0,0,0,0,1,0,1,0,1,0,1,0,1,0,1,0,0,1,0,1,1,0,1,0,1,0.7757830726326699
18,1,1,3,1,3,5,2,5,4,6,11,10,11,1,0,1,0,1,0,1,0,0,1,1,0,0,0,0,0,0,1,0,0,1,0,0,0,0,1,0,1,0,0,1,1,0,0,1,1,0,0,1,1,0,1,0,1,0.5479844721206294
16,3,3,1,2,1,4,5,5,5,0,10,10,1,1,0,0,1,0,1,1,0,0,1,0,0,1,0,0,0,0,0,1,0,1,0,0,0,1,0,0,1,0,0,1,1,0,1,0,0,1,0,1,0,1,0,1,1,0.8730813487451522
16,1,2,2,1,2,4,4,5,5,0,9,8,10,1,0,0,1,0,1,0,1,0,1,0,1,0,0,0,0,0,0,1,0,1,0,0,0,0,1,0,1,0,1,0,1,0,1,0,1,0,0,1,0,1,1,0,1,0.9608142298926375
15,1,2,2,1,0,4,4,4,5,2,8,9,10,1,0,0,1,0,1,0,1,0,1,0,0,1,0,0,0,0,1,0,0,1,0,0,0,0,1,0,1,0,1,0,1,0,0,1,0,1,0,1,1,0,1,0,1,0.6327932672015125
17,1,1,4,2,0,5,3,5,5,0,8,8,8,1,0,0,1,1,0,0,1,0,1,0,0,1,0,0,0,0,0,1,0,1,0,0,0,0,1,0,1,0,1,0,1,0,0,1,0,1,1,0,1,0,0,1,1,0.8769756304144992
17,3,2,2,1,3,4,5,2,2,10,8,7,8,1,0,0,1,0,1,1,0,0,1,0,0,0,1,0,0,0,0,1,0,1,0,0,0,0,1,0,1,0,0,1,1,0,0,1,1,0,1,0,1,0,1,0,0,0.32771510038241414
16,2,2,1,2,0,4,3,5,4,0,9,10,11,1,0,0,1,0,1,1,0,0,1,0,0,1,0,0,0,0,1,0,0,1,0,0,0,1,0,0,1,0,1,0,1,0,1,0,0,1,1,0,0,1,1,0,1,0.724385515226728
16,4,2,1,2,0,4,2,3,3,0,17,17,18,1,0,1,0,0,1,1,0,0,1,0,1,0,0,0,0,0,0,1,0,0,1,0,0,1,0,0,1,0,1,0,1,0,1,0,0,1,0,1,0,1,0,1,0,0.12079274660755995
16,2,2,1,2,0,5,1,5,4,0,12,12,13,1,0,1,0,0,1,1,0,0,1,0,0,1,0,0,0,0,1,0,0,0,1,0,0,0,1,0,1,0,0,1,1,0,1,0,1,0,0,1,0,1,1,0,0,0.26513631941988286
16,3,4,3,1,1,3,4,5,2,4,9,9,10,1,0,0,1,0,1,1,0,0,1,0,0,1,0,0,0,0,1,0,0,1,0,0,0,1,0,0,1,0,0,1,1,0,0,1,1,0,0,1,0,1,1,0,1,0.8807915478373419
16,1,0,2,2,0,4,3,2,3,0,16,17,18,1,0,0,1,0,1,1,0,0,1,0,0,1,0,0,0,0,1,0,0,0,0,0,1,0,1,0,1,0,0,1,1,0,0,1,0,1,0,1,0,1,0,1,0,0.11913861893377754
16,1,3,1,2,0,4,3,5,3,0,14,13,13,1,0,1,0,0,1,1,0,0,1,1,0,0,0,0,0,0,0,1,0,0,1,0,0,0,1,0,1,0,1,0,1,0,0,1,1,0,0,1,0,1,0,1,0,0.638209494180435
16,3,3,2,2,0,4,4,5,4,0,14,14,15,1,0,1,0,0,1,0,1,0,1,0,0,1,0,0,0,0,1,0,0,0,0,0,1,0,1,0,1,0,0,1,1,0,0,1,0,1,0,1,0,1,1,0,0,0.2648517129987479
17,4,3,2,2,0,4,4,4,4,0,10,11,11,1,0,0,1,0,1,0,1,0,1,0,0,0,0,1,0,0,1,0,0,1,0,0,0,0,1,0,1,0,1,0,1,0,0,1,0,1,0,1,0,1,1,0,1,0.704150857502681
16,4,2,1,1,0,4,3,3,3,8,10,9,11,1,0,0,1,1,0,1,0,0,1,0,0,0,0,1,0,0,0,1,0,0,0,1,0,0,1,0,1,0,0,1,1,0,0,1,0,1,0,1,0,1,0,1,1,0.8752677991734981
17,4,3,1,2,0,5,2,3,2,4,11,11,13,1,0,0,1,0,1,1,0,0,1,0,0,1,0,0,0,0,1,0,0,1,0,0,0,0,1,0,1,0,0,1,0,1,0,1,0,1,0,1,0,1,0,1,0,0.21698007783534837
17,1,2,1,2,0,3,1,3,3,6,9,9,10,1,0,0,1,1,0,1,0,0,1,1,0,0,0,0,0,0,1,0,0,0,1,0,0,0,1,0,1,0,1,0,1,0,1,0,0,1,0,1,1,0,1,0,1,0.5454400855278776
16,2,3,1,2,0,4,3,3,2,6,12,12,13,1,0,1,0,0,1,1,0,0,1,0,0,0,1,0,0,0,0,1,0,1,0,0,0,0,1,0,1,0,1,0,1,0,1,0,0,1,0,1,0,1,1,0,0,0.07350047379962772
17,1,1,1,2,0,5,3,3,3,0,12,11,12,1,0,1,0,0,1,1,0,0,1,1,0,0,0,0,0,0,0,1,0,1,0,0,0,0,1,0,1,0,1,0,1,0,0,1,0,1,0,1,0,1,1,0,0,0.07616963693883488
17,1,2,2,2,0,4,4,4,5,16,10,11,12,1,0,0,1,0,1,1,0,0,1,1,0,0,0,0,0,0,0,1,0,0,0,1,0,0,0,1,1,0,1,0,1,0,0,1,1,0,0,1,0,1,1,0,1,0.975385139059565
16,3,3,1,1,0,4,3,2,5,0,11,10,10,1,0,0,1,1,0,1,0,0,1,0,0,0,1,0,0,0,0,1,0,0,0,0,1,0,1,0,1,0,0,1,1,0,0,1,0,1,0,1,0,1,1,0,1,0.47550320674318847
16,2,3,2,1,0,5,3,3,3,0,13,12,12,1,0,0,1,0,1,1,0,0,1,0,0,1,0,0,0,0,1,0,0,0,1,0,0,1,0,0,1,0,1,0,1,0,1,0,0,1,0,1,0,1,1,0,0,0.32051319234716713
17,2,4,1,2,0,4,3,2,5,8,14,15,16,1,0,1,0,0,1,0,1,0,1,0,0,0,1,0,0,0,0,1,0,1,0,0,0,1,0,0,1,0,1,0,1,0,0,1,0,1,0,1,0,1,0,1,0,0.2159631316763998
16,3,3,3,1,0,3,3,4,3,16,10,11,12,1,0,0,1,1,0,0,1,0,1,0,0,0,0,1,0,0,1,0,0,0,1,0,0,1,0,0,1,0,0,1,1,0,0,1,0,1,0,1,0,1,1,0,1,0.9548071869208141
16,4,3,1,2,0,4,3,5,2,2,14,14,15,1,0,1,0,0,1,1,0,0,1,0,1,0,0,0,0,0,1,0,0,0,1,0,0,0,1,0,1,0,0,1,1,0,0,1,0,1,0,1,0,1,1,0,1,0.14745024644740462
16,2,2,2,4,0,5,3,5,5,6,13,13,13,1,0,1,0,1,0,1,0,0,1,0,0,0,1,0,0,0,0,1,0,0,0,0,1,0,1,0,1,0,0,1,1,0,0,1,1,0,0,1,0,1,1,0,0,0.40774309938009967
17,3,4,1,3,1,4,4,3,5,14,8,9,8,1,0,1,0,0,1,1,0,0,1,1,0,0,0,0,0,0,0,1,0,0,1,0,0,0,1,0,1,0,0,1,0,1,1,0,0,1,0,1,0,1,0,1,1,0.3237131286898676
16,4,3,1,2,0,1,3,2,1,4,14,15,15,1,0,1,0,0,1,1,0,0,1,0,0,0,0,1,0,0,1,0,0,0,0,1,0,0,1,0,1,0,1,0,1,0,0,1,0,1,0,1,0,1,0,1,0,0.1488645332887776
17,4,3,2,3,0,4,4,2,4,0,11,12,12,1,0,1,0,1,0,1,0,0,1,0,0,0,0,1,0,0,1,0,0,0,0,0,1,0,1,0,1,0,0,1,1,0,0,1,0,1,0,1,0,1,0,1,0,0.04329168143014644
17,4,4,1,2,0,5,3,5,3,15,13,12,12,1,0,0,1,0,1,0,1,0,1,0,0,0,1,0,0,0,1,0,0,0,1,0,0,0,1,0,1,0,0,1,1,0,1,0,0,1,0,1,0,1,0,1,1,0.8055421680482953
16,2,2,1,2,0,3,3,4,4,0,13,13,13,1,0,1,0,0,1,1,0,1,0,0,0,1,0,0,0,0,1,0,0,0,0,0,1,0,1,0,0,1,0,1,1,0,1,0,0,1,0,1,0,1,1,0,0,0.10355473617309824
18,2,2,1,2,0,4,4,4,5,10,12,11,11,1,0,0,1,0,1,1,0,0,1,0,0,0,1,0,0,0,1,0,0,0,1,0,0,0,1,0,1,0,0,1,1,0,0,1,0,1,0,1,0,1,1,0,1,0.7064001333734078
17,4,3,1,2,0,3,4,5,1,16,11,9,10,1,0,1,0,0,1,1,0,0,1,0,0,1,0,0,0,0,1,0,0,0,0,0,1,0,1,0,1,0,1,0,1,0,1,0,0,1,0,1,0,1,0,1,1,0.34264248087963334
18,3,3,1,2,0,3,2,4,4,10,10,10,10,1,0,0,1,0,1,0,1,0,1,0,0,0,1,0,0,1,0,0,0,0,1,0,0,1,0,0,1,0,0,1,1,0,1,0,0,1,0,1,0,1,1,0,1,0.8545741973003188
17,1,1,1,3,0,4,3,4,5,12,12,12,12,1,0,1,0,0,1,1,0,0,1,1,0,0,0,0,0,0,1,0,0,0,0,0,1,0,1,0,1,0,0,1,1,0,0,1,0,1,0,1,1,0,0,1,0,0.17277129095875216
18,2,2,2,2,3,3,3,3,4,9,10,9,10,1,0,0,1,0,1,1,0,0,1,0,0,1,0,0,0,0,1,0,0,0,1,0,0,0,1,0,1,0,0,1,0,1,1,0,0,1,0,1,0,1,1,0,1,0.6423754808352264
16,4,4,1,3,0,5,3,2,5,4,15,16,16,1,0,1,0,0,1,1,0,0,1,0,0,0,0,1,0,0,0,1,0,0,1,0,0,0,1,0,1,0,0,1,1,0,0,1,1,0,0,1,0,1,1,0,0,0.09338948902499963
18,3,1,1,2,0,5,3,3,4,4,8,8,8,1,0,1,0,1,0,1,0,0,1,0,0,1,0,0,0,0,1,0,0,0,0,0,1,0,1,0,1,0,1,0,1,0,0,1,0,1,0,1,0,1,0,1,0,0.08934176981013547
18,2,1,4,2,0,4,3,2,3,2,9,10,11,1,0,0,1,0,1,0,1,0,1,1,0,0,0,0,0,0,1,0,0,1,0,0,0,0,1,0,0,1,0,1,1,0,0,1,0,1,0,1,0,1,0,1,1,0.28096026904559046
17,2,2,2,2,0,4,5,2,1,0,12,13,13,1,0,0,1,1,0,1,0,0,1,0,0,1,0,0,0,0,1,0,0,1,0,0,0,1,0,0,1,0,0,1,1,0,0,1,0,1,0,1,0,1,1,0,0,0.11944950019651003
16,4,4,1,2,0,4,2,4,1,0,13,13,14,1,0,0,1,0,1,1,0,0,1,0,1,0,0,0,0,0,1,0,0,0,0,0,1,1,0,0,1,0,0,1,1,0,0,1,0,1,0,1,0,1,1,0,1,0.3233964242075203
16,1,1,2,2,0,3,4,2,5,2,9,9,9,1,0,0,1,0,1,0,1,0,1,0,0,1,0,0,0,0,1,0,0,0,1,0,0,0,1,0,1,0,0,1,1,0,1,0,0,1,0,1,0,1,1,0,0,0.34794942449366373
17,2,2,1,2,0,4,4,2,4,0,16,16,16,1,0,0,1,0,1,0,1,0,1,0,0,1,0,0,0,0,1,0,0,0,1,0,0,1,0,0,1,0,1,0,1,0,0,1,1,0,0,1,0,1,0,1,1,0.4952415055966527
16,2,1,1,1,0,4,5,2,5,4,9,10,10,1,0,1,0,0,1,1,0,0,1,0,0,1,0,0,0,0,1,0,0,0,1,0,0,0,1,0,1,0,1,0,1,0,1,0,0,1,0,1,0,1,0,1,0,0.06558803272548544
18,2,4,2,2,1,4,3,3,3,18,10,10,10,1,0,1,0,0,1,0,1,1,0,0,0,0,1,0,0,0,1,0,0,1,0,0,0,0,1,0,1,0,0,1,1,0,1,0,0,1,0,1,0,1,1,0,0,0.10187489832292106
18,2,2,1,2,1,5,3,1,5,16,9,8,10,1,0,1,0,0,1,0,1,0,1,1,0,0,0,0,0,0,0,1,0,1,0,0,0,0,1,0,1,0,0,1,1,0,1,0,1,0,0,1,0,1,0,1,0,0.16108473711165394
17,2,1,3,2,0,2,1,1,3,2,13,13,13,1,0,1,0,1,0,1,0,0,1,1,0,0,0,0,0,0,0,1,0,1,0,0,0,0,1,0,1,0,1,0,1,0,0,1,0,1,0,1,1,0,1,0,0,0.05559466246331941
17,1,4,4,1,1,5,5,4,5,14,9,9,8,1,0,1,0,1,0,0,1,1,0,0,0,1,0,0,0,0,1,0,0,1,0,0,0,0,0,1,1,0,0,1,1,0,1,0,0,1,0,1,0,1,1,0,0,0.4084553616325885
18,2,2,1,2,0,5,5,4,2,16,8,7,8,1,0,0,1,0,1,1,0,0,1,0,0,1,0,0,0,0,0,1,0,0,0,0,1,1,0,0,1,0,1,0,1,0,1,0,0,1,1,0,0,1,1,0,1,0.704092115412486
17,2,2,1,1,1,3,1,2,1,8,11,9,10,1,0,1,0,0,1,0,1,1,0,0,0,1,0,0,0,0,1,0,0,0,1,0,0,0,1,0,1,0,0,1,1,0,1,0,1,0,1,0,0,1,1,0,0,0.07258310510954108
16,4,3,1,1,0,5,4,5,3,7,14,14,15,1,0,0,1,0,1,0,1,0,1,0,0,0,0,1,0,0,1,0,0,1,0,0,0,0,1,0,1,0,1,0,1,0,0,1,1,0,0,1,0,1,1,0,0,0.9080611597944676
17,1,1,2,3,0,4,3,3,1,2,13,14,15,1,0,0,1,1,0,1,0,0,1,0,0,1,0,0,0,0,1,0,0,0,1,0,0,1,0,0,1,0,1,0,1,0,1,0,1,0,0,1,0,1,0,1,0,0.4227764803069173
17,1,1,1,2,0,4,3,2,4,10,10,9,10,1,0,1,0,0,1,1,0,0,1,1,0,0,0,0,0,0,1,0,0,1,0,0,0,0,1,0,0,1,1,0,1,0,1,0,1,0,0,1,1,0,0,1,0,0.07947199261474679
18,2,1,2,3,0,4,4,4,3,10,12,10,11,1,0,1,0,0,1,1,0,0,1,0,0,1,0,0,0,0,1,0,0,1,0,0,0,0,0,1,1,0,0,1,1,0,1,0,1,0,0,1,0,1,0,1,0,0.21467462278044236
16,2,1,3,1,0,4,3,3,4,7,15,16,16,1,0,0,1,0,1,1,0,0,1,0,0,1,0,0,0,0,1,0,0,1,0,0,0,0,1,0,1,0,1,0,1,0,1,0,0,1,0,1,0,1,1,0,0,0.43396589693047816
17,2,3,2,1,0,5,2,2,2,2,9,12,13,1,0,0,1,0,1,1,0,0,1,0,0,1,0,0,0,0,1,0,0,1,0,0,0,1,0,0,1,0,1,0,1,0,1,0,0,1,0,1,0,1,1,0,0,0.1442970467221736
22,3,1,1,1,3,5,4,5,1,12,7,8,5,1,0,0,1,0,1,1,0,0,1,0,0,0,1,0,0,0,0,1,0,0,0,1,0,0,1,0,1,0,1,0,1,0,1,0,1,0,1,0,0,1,0,1,1,0.9626978170759309
16,0,2,1,1,0,4,3,2,5,0,11,12,11,1,0,0,1,0,1,1,0,0,1,0,0,1,0,0,0,0,1,0,0,0,0,1,0,0,1,0,1,0,1,0,1,0,1,0,1,0,0,1,0,1,1,0,1,0.5726145520493687
18,3,2,2,1,0,4,4,5,5,8,7,8,7,1,0,0,1,0,1,1,0,0,1,0,0,0,1,0,0,0,1,0,0,1,0,0,0,0,1,0,1,0,1,0,1,0,1,0,0,1,1,0,0,1,1,0,1,0.8655140856283356
17,2,1,1,1,0,4,4,2,5,0,12,12,13,1,0,0,1,1,0,1,0,0,1,0,0,1,0,0,0,0,1,0,0,1,0,0,0,0,1,0,1,0,1,0,1,0,1,0,1,0,0,1,0,1,1,0,1,0.4870250793776859
17,4,2,1,4,0,4,2,3,4,2,14,15,17,1,0,1,0,0,1,0,1,0,1,0,0,0,0,1,0,0,0,1,0,0,0,0,1,0,1,0,1,0,0,1,1,0,0,1,0,1,0,1,0,1,1,0,0,0.10994125344159016
19,2,2,1,2,0,4,3,3,5,0,10,10,11,1,0,1,0,0,1,1,0,0,1,0,0,0,1,0,0,0,0,1,0,0,1,0,0,0,1,0,1,0,0,1,1,0,1,0,0,1,0,1,0,1,1,0,0,0.15699652946608583
18,2,1,3,2,1,4,4,5,5,4,11,10,11,1,0,0,1,0,1,0,1,0,1,0,0,0,1,0,0,0,1,0,0,1,0,0,0,0,1,0,1,0,1,0,1,0,0,1,1,0,1,0,0,1,1,0,1,0.9118032947440162
18,2,2,1,2,0,3,2,3,5,4,11,11,13,1,0,1,0,1,0,1,0,0,1,0,0,1,0,0,0,0,1,0,0,0,1,0,0,0,1,0,0,1,1,0,1,0,1,0,0,1,0,1,1,0,1,0,0,0.177034948230511
17,2,2,2,1,0,5,2,2,4,0,9,10,10,1,0,0,1,1,0,1,0,0,1,0,0,1,0,0,0,0,0,1,0,0,0,1,0,0,1,0,1,0,1,0,1,0,1,0,1,0,1,0,1,0,1,0,0,0.5596295781855158
18,4,3,1,2,0,4,3,2,3,2,10,10,11,1,0,0,1,0,1,1,0,0,1,0,0,0,0,1,0,0,1,0,0,1,0,0,0,0,1,0,1,0,0,1,1,0,1,0,1,0,0,1,0,1,1,0,0,0.3009618017873991
18,3,2,1,3,0,5,3,2,3,2,10,11,12,1,0,0,1,1,0,1,0,0,1,0,0,1,0,0,0,0,1,0,0,1,0,0,0,0,1,0,1,0,1,0,1,0,0,1,1,0,0,1,1,0,1,0,0,0.11085551195014885
17,3,3,1,3,0,3,2,3,4,2,15,12,13,1,0,1,0,0,1,1,0,0,1,0,0,1,0,0,0,0,1,0,0,0,1,0,0,0,1,0,1,0,1,0,1,0,0,1,1,0,0,1,1,0,1,0,0,0.08370042841242349
18,2,2,1,3,0,4,3,3,3,0,11,12,13,1,0,1,0,0,1,1,0,0,1,1,0,0,0,0,0,0,0,1,0,0,1,0,0,0,1,0,1,0,0,1,1,0,0,1,0,1,0,1,0,1,0,1,0,0.101465598091639
18,3,4,2,2,0,4,2,5,1,6,15,16,16,1,0,0,1,1,0,0,1,1,0,0,0,1,0,0,0,0,1,0,0,0,0,0,1,0,1,0,1,0,0,1,1,0,0,1,0,1,0,1,0,1,1,0,1,0.698243997832564
17,3,1,1,2,0,5,4,4,5,0,11,11,14,1,0,0,1,0,1,1,0,0,1,0,0,0,1,0,0,0,1,0,0,0,0,1,0,0,1,0,1,0,1,0,1,0,0,1,0,1,0,1,0,1,0,1,1,0.6303173859882555
19,3,3,1,2,0,4,3,5,5,16,11,12,12,1,0,1,0,0,1,1,0,0,1,0,0,1,0,0,0,0,0,1,0,0,1,0,0,0,0,1,1,0,0,1,1,0,0,1,0,1,0,1,0,1,1,0,1,0.7678870523664441
18,1,1,2,2,0,4,4,3,3,2,13,13,13,1,0,1,0,0,1,0,1,0,1,0,0,1,0,0,0,0,1,0,0,0,1,0,0,0,1,0,1,0,0,1,1,0,1,0,1,0,0,1,1,0,1,0,0,0.08203947703082323
17,2,4,2,2,0,4,3,3,1,6,15,16,16,1,0,1,0,0,1,1,0,0,1,1,0,0,0,0,0,1,0,0,0,0,0,0,1,0,1,0,1,0,0,1,1,0,1,0,0,1,0,1,0,1,0,1,0,0.05366307443450927
18,3,2,2,2,0,4,1,1,5,15,12,9,10,1,0,1,0,1,0,1,0,1,0,0,0,1,0,0,0,0,0,1,0,0,1,0,0,0,1,0,1,0,1,0,1,0,1,0,1,0,1,0,0,1,0,1,0,0.1582826230037687
18,4,4,1,2,1,2,4,4,4,2,14,12,13,1,0,1,0,0,1,1,0,0,1,0,1,0,0,0,0,1,0,0,0,0,0,0,1,1,0,0,0,1,0,1,1,0,0,1,0,1,0,1,0,1,0,1,0,0.4035161798491918
17,2,2,3,3,0,4,2,3,1,8,13,15,15,1,0,1,0,0,1,1,0,0,1,0,0,1,0,0,0,0,0,1,0,0,0,0,1,1,0,0,1,0,0,1,1,0,1,0,0,1,0,1,0,1,0,1,0,0.06832084798852567
19,3,2,1,2,1,3,3,3,3,0,9,8,10,1,0,1,0,1,0,1,0,0,1,0,0,0,1,0,0,0,0,1,0,0,0,0,1,1,0,0,0,1,0,1,1,0,1,0,0,1,1,0,0,1,1,0,1,0.2418606541297707
18,1,2,2,1,0,3,4,4,4,10,10,10,11,1,0,0,1,0,1,1,0,0,1,1,0,0,0,0,0,0,1,0,0,0,1,0,0,0,0,1,1,0,1,0,1,0,1,0,1,0,1,0,0,1,1,0,1,0.9426246740004615
17,4,1,2,1,0,4,5,4,5,22,11,11,10,1,0,0,1,0,1,0,1,1,0,0,0,0,1,0,0,0,1,0,0,0,1,0,0,0,1,0,1,0,1,0,1,0,0,1,0,1,0,1,0,1,0,1,1,0.8700785041121899
17,3,2,1,1,0,4,4,4,3,18,13,13,13,1,0,0,1,0,1,0,1,1,0,0,0,0,0,1,0,0,0,1,0,0,1,0,0,0,1,0,1,0,1,0,1,0,1,0,0,1,0,1,0,1,1,0,1,0.9148859420241419
18,1,1,2,2,0,5,4,4,4,0,12,13,13,1,0,1,0,0,1,1,0,0,1,0,0,1,0,0,0,0,1,0,0,0,1,0,0,0,1,0,0,1,1,0,1,0,0,1,0,1,0,1,0,1,1,0,0,0.1175242141787487
18,2,1,2,2,0,4,3,1,5,10,12,13,14,1,0,1,0,0,1,1,0,0,1,0,0,1,0,0,0,0,1,0,0,0,0,0,1,0,1,0,1,0,1,0,1,0,0,1,0,1,0,1,0,1,0,1,0,0.03328269491104264
18,4,4,1,2,0,5,4,3,2,0,17,17,17,1,0,0,1,0,1,0,1,1,0,0,0,0,0,1,0,0,0,0,1,0,0,0,1,0,1,0,1,0,0,1,1,0,0,1,0,1,0,1,0,1,1,0,0,0.10448433376326957
18,3,2,2,3,0,5,4,2,4,0,14,15,15,1,0,0,1,1,0,0,1,0,1,0,0,0,1,0,0,0,1,0,0,0,0,0,1,0,1,0,1,0,0,1,1,0,0,1,0,1,0,1,0,1,1,0,0,0.13845868960082872
18,4,4,1,2,0,4,2,4,4,0,14,15,15,1,0,1,0,0,1,0,1,1,0,0,1,0,0,0,0,0,1,0,0,0,1,0,0,0,1,0,1,0,0,1,0,1,1,0,0,1,0,1,0,1,0,1,0,0.1994525383197482
17,4,4,2,3,0,5,3,4,5,0,7,7,8,1,0,1,0,1,0,1,0,0,1,0,0,0,1,0,0,0,0,1,0,0,0,0,1,0,1,0,1,0,0,1,1,0,0,1,0,1,0,1,0,1,1,0,0,0.16621475727834953
19,2,1,2,3,1,4,3,1,5,0,9,10,11,1,0,0,1,1,0,0,1,0,1,1,0,0,0,0,0,0,0,1,0,1,0,0,0,0,1,0,1,0,1,0,1,0,0,1,0,1,0,1,0,1,0,1,0,0.40568257996456064
20,3,2,1,1,2,5,5,3,5,0,14,15,15,1,0,0,1,0,1,1,0,1,0,0,0,0,1,0,0,0,1,0,0,1,0,0,0,0,0,1,1,0,1,0,1,0,0,1,0,1,0,1,1,0,1,0,0,0.27674531126554525
17,4,4,1,1,0,4,4,4,5,2,15,16,17,1,0,1,0,1,0,1,0,0,1,0,0,0,0,1,0,0,0,0,1,1,0,0,0,0,1,0,1,0,1,0,1,0,0,1,0,1,0,1,0,1,1,0,0,0.26553672309951
18,4,3,1,3,0,4,3,4,5,2,14,15,17,1,0,1,0,0,1,1,0,0,1,0,0,1,0,0,0,0,1,0,0,1,0,0,0,0,1,0,1,0,0,1,1,0,0,1,0,1,0,1,0,1,0,1,0,0.12607498364159533
17,3,4,1,3,0,4,3,4,5,2,15,15,17,1,0,1,0,1,0,1,0,0,1,1,0,0,0,0,0,0,0,1,0,1,0,0,0,1,0,0,1,0,0,1,1,0,0,1,1,0,0,1,0,1,1,0,1,0.5487287398725829
18,3,3,1,2,0,4,1,4,3,8,11,12,14,1,0,1,0,0,1,1,0,0,1,1,0,0,0,0,0,0,1,0,0,1,0,0,0,1,0,0,1,0,0,1,1,0,1,0,0,1,0,1,0,1,1,0,0,0.22082902245728742
19,4,2,2,2,0,5,4,4,1,9,11,10,10,1,0,0,1,0,1,1,0,0,1,0,1,0,0,0,0,0,1,0,0,1,0,0,0,0,1,0,1,0,0,1,1,0,0,1,0,1,0,1,0,1,0,1,0,0.33789277766599624
18,4,4,1,2,0,4,4,4,5,0,12,11,13,1,0,1,0,0,1,1,0,0,1,0,0,0,0,1,0,0,1,0,0,1,0,0,0,0,1,0,1,0,0,1,1,0,1,0,0,1,0,1,0,1,1,0,1,0.21698488793918655
18,3,4,1,1,0,5,4,4,1,4,11,12,14,1,0,1,0,0,1,1,0,0,1,0,0,1,0,0,0,0,1,0,0,1,0,0,0,0,1,0,1,0,0,1,1,0,0,1,0,1,0,1,0,1,0,1,0,0.0811551989701219
17,3,3,1,2,0,5,3,3,5,0,12,12,13,1,0,1,0,0,1,0,1,1,0,0,0,0,1,0,0,0,1,0,0,0,1,0,0,0,1,0,0,1,0,1,1,0,1,0,0,1,0,1,0,1,1,0,0,0.048253754757856294
18,4,4,1,1,0,4,2,5,5,2,8,9,11,1,0,0,1,0,1,0,1,0,1,0,0,1,0,0,0,0,1,0,0,0,0,0,1,1,0,0,1,0,0,1,1,0,1,0,0,1,0,1,0,1,1,0,1,0.9114359015228992
19,1,1,3,3,0,1,5,5,5,12,10,10,11,1,0,1,0,0,1,1,0,0,1,0,0,1,0,0,0,0,1,0,0,1,0,0,0,0,0,1,1,0,1,0,1,0,0,1,0,1,1,0,1,0,0,1,1,0.6780344053577726
19,1,1,3,2,2,5,3,4,4,2,8,8,9,1,0,1,0,0,1,0,1,1,0,0,0,1,0,0,0,0,1,0,0,1,0,0,0,0,0,1,1,0,0,1,1,0,1,0,1,0,0,1,0,1,0,1,0,0.24128282674491058
18,2,2,1,1,0,4,3,5,5,2,10,10,10,1,0,1,0,0,1,1,0,0,1,0,0,1,0,0,0,0,1,0,0,1,0,0,0,0,1,0,1,0,0,1,1,0,0,1,0,1,0,1,0,1,0,1,1,0.46683271995582604
17,3,3,1,1,0,4,3,5,5,0,17,18,17,1,0,0,1,0,1,1,0,0,1,0,0,1,0,0,0,0,0,1,0,0,0,0,1,0,1,0,1,0,1,0,1,0,0,1,1,0,0,1,0,1,1,0,1,0.9472768889835252
17,2,2,4,1,0,4,4,5,4,2,11,10,10,1,0,0,1,1,0,1,0,0,1,0,0,0,1,0,0,0,1,0,0,1,0,0,0,0,1,0,1,0,0,1,1,0,1,0,0,1,0,1,0,1,1,0,1,0.8189425790190268
17,3,3,1,1,0,4,2,5,5,2,11,12,11,1,0,1,0,0,1,1,0,0,1,1,0,0,0,0,0,0,1,0,0,1,0,0,0,0,1,0,1,0,0,1,0,1,0,1,0,1,0,1,0,1,1,0,1,0.5418411818308361
18,2,2,1,4,0,4,5,5,5,0,11,11,12,1,0,0,1,0,1,0,1,0,1,0,0,1,0,0,0,0,1,0,0,1,0,0,0,0,1,0,1,0,0,1,0,1,0,1,0,1,0,1,0,1,1,0,1,0.7033389101685891
18,2,2,4,2,0,4,2,5,2,2,10,9,10,1,0,1,0,0,1,1,0,0,1,1,0,0,0,0,0,0,1,0,0,1,0,0,0,0,1,0,1,0,1,0,1,0,0,1,0,1,0,1,1,0,0,1,0,0.19238181798532314
17,2,4,1,3,0,4,4,3,5,0,15,15,15,1,0,1,0,1,0,1,0,0,1,1,0,0,0,0,0,0,1,0,0,1,0,0,0,1,0,0,1,0,0,1,1,0,1,0,0,1,0,1,0,1,0,1,0,0.13336464025408595
18,3,3,1,2,0,5,3,4,4,8,10,11,12,1,0,1,0,0,1,1,0,0,1,0,0,0,1,0,0,0,0,1,0,0,1,0,0,0,1,0,1,0,1,0,1,0,0,1,0,1,0,1,0,1,1,0,0,0.2597974773313341
18,2,2,1,2,0,4,3,3,2,0,10,9,12,1,0,1,0,0,1,0,1,0,1,0,0,1,0,0,0,0,1,0,0,0,1,0,0,0,0,1,1,0,1,0,1,0,0,1,1,0,0,1,0,1,0,1,0,0.16852982627800833
18,2,2,2,4,0,4,4,4,4,6,14,13,14,1,0,1,0,1,0,1,0,0,1,1,0,0,0,0,0,0,1,0,0,1,0,0,0,0,1,0,1,0,1,0,1,0,0,1,0,1,0,1,1,0,1,0,0,0.1004686379437611
17,2,1,1,2,0,4,3,5,4,4,12,16,16,1,0,1,0,0,1,1,0,0,1,0,0,0,1,0,0,0,1,0,0,0,0,0,1,0,1,0,1,0,0,1,1,0,0,1,0,1,0,1,0,1,1,0,1,0.24503945957706666
19,2,3,2,1,1,2,2,3,5,16,10,11,11,1,0,1,0,0,1,0,1,1,0,1,0,0,0,0,0,0,1,0,0,0,1,0,0,0,0,1,1,0,1,0,1,0,1,0,0,1,1,0,0,1,1,0,1,0.6464145375401248
17,3,1,1,1,1,4,1,2,3,6,10,13,13,1,0,1,0,0,1,1,0,0,1,0,0,1,0,0,1,0,0,0,0,0,1,0,0,0,1,0,1,0,0,1,0,1,1,0,0,1,0,1,0,1,0,1,0,0.03908468907544269
21,4,4,1,3,2,3,3,2,5,0,9,12,12,1,0,1,0,0,1,0,1,0,1,0,0,1,0,0,0,0,1,0,0,0,0,0,1,0,0,1,1,0,1,0,0,1,0,1,0,1,0,1,0,1,1,0,0,0.1375615322077532
18,4,2,1,2,0,4,2,2,3,0,14,17,17,1,0,1,0,0,1,0,1,0,1,0,0,0,0,1,0,0,1,0,0,1,0,0,0,0,1,0,1,0,0,1,1,0,0,1,0,1,0,1,0,1,1,0,0,0.044677747148249534
21,1,1,2,2,2,5,3,3,4,21,9,10,10,1,0,0,1,1,0,0,1,0,1,1,0,0,0,0,0,0,1,0,0,1,0,0,0,0,0,1,1,0,0,1,1,0,0,1,0,1,1,0,0,1,0,1,1,0.8681710652166897
19,4,4,1,1,1,3,2,5,5,5,9,10,11,1,0,1,0,0,1,1,0,0,1,0,0,0,0,1,0,0,1,0,0,0,1,0,0,0,0,1,1,0,0,1,1,0,1,0,0,1,0,1,0,1,0,1,1,0.8279221612773656
18,2,3,1,1,0,3,1,3,4,13,13,14,14,1,0,0,1,1,0,1,0,0,1,0,0,1,0,0,0,0,0,1,0,0,0,0,1,1,0,0,1,0,1,0,1,0,1,0,0,1,0,1,0,1,1,0,1,0.9176055414219729
20,1,0,2,1,1,5,3,1,5,5,8,10,10,1,0,1,0,0,1,1,0,0,1,0,0,1,0,0,0,0,1,0,0,0,0,0,1,0,1,0,0,1,1,0,1,0,1,0,0,1,0,1,0,1,0,1,0,0.03616639544115646
16,2,2,2,2,0,4,4,4,5,0,12,12,12,0,1,1,0,1,0,1,0,0,1,0,0,1,0,0,0,0,1,0,0,1,0,0,0,0,1,0,1,0,0,1,1,0,0,1,0,1,0,1,0,1,1,0,0,0.19987693777813303
15,1,1,1,1,1,4,1,3,2,6,10,10,10,0,1,1,0,1,0,1,0,0,1,1,0,0,0,0,0,0,0,1,0,0,0,1,0,0,1,0,1,0,0,1,1,0,1,0,0,1,0,1,1,0,0,1,0,0.2853605164269289
15,2,1,2,1,0,1,3,4,1,0,6,8,9,0,1,1,0,1,0,0,1,0,1,1,0,0,0,0,0,0,1,0,0,0,1,0,0,0,1,0,1,0,1,0,1,0,1,0,0,1,1,0,1,0,1,0,0,0.3885841866731414
16,1,2,1,3,0,4,4,3,5,0,10,11,11,0,1,0,1,0,1,1,0,1,0,0,0,1,0,0,0,0,1,0,0,0,0,1,0,0,1,0,0,1,1,0,1,0,1,0,0,1,0,1,0,1,1,0,0,0.3517120118023201
15,4,4,2,1,0,1,5,1,5,0,13,14,14,0,1,1,0,1,0,1,0,0,1,0,0,0,0,1,0,0,1,0,0,1,0,0,0,0,1,0,1,0,1,0,1,0,1,0,0,1,0,1,0,1,0,1,1,0.17863391482513769
15,3,3,2,1,0,4,1,3,4,0,14,16,16,0,1,1,0,1,0,1,0,0,1,0,0,1,0,0,0,0,0,1,0,1,0,0,0,1,0,0,1,0,1,0,1,0,1,0,1,0,0,1,0,1,1,0,0,0.40028121016486773
16,1,1,2,2,0,5,4,5,3,0,7,0,0,0,1,0,1,0,1,1,0,0,1,1,0,0,0,0,0,0,0,1,0,0,1,0,0,0,1,0,1,0,0,1,1,0,0,1,0,1,0,1,1,0,0,1,1,0.710891875207725
17,1,1,1,2,0,4,4,3,5,4,8,9,9,0,1,0,1,0,1,1,0,0,1,0,0,1,0,0,0,0,1,0,0,0,1,0,0,0,1,0,1,0,1,0,0,1,1,0,1,0,0,1,0,1,1,0,1,0.6977349597216493
15,1,1,4,2,0,5,4,5,4,8,7,9,9,0,1,0,1,1,0,1,0,0,1,0,0,1,0,0,0,0,1,0,0,1,0,0,0,0,1,0,1,0,0,1,1,0,0,1,0,1,0,1,1,0,0,1,1,0.6788399865002158
15,3,3,1,2,0,5,3,3,5,0,11,11,11,0,1,0,1,0,1,0,1,0,1,1,0,0,0,0,1,0,0,0,0,0,0,0,1,1,0,0,1,0,0,1,1,0,0,1,0,1,0,1,0,1,1,0,0,0.3368183038127204
17,2,1,3,1,0,5,5,5,3,8,8,10,9,0,1,0,1,1,0,1,0,0,1,0,0,1,0,0,0,0,1,0,0,0,0,1,0,0,1,0,1,0,1,0,1,0,0,1,0,1,1,0,1,0,0,1,1,0.864037992005836
16,4,4,2,3,0,4,2,2,4,6,16,16,17,0,1,1,0,1,0,1,0,0,1,0,0,0,0,1,0,0,0,0,1,1,0,0,0,0,1,0,1,0,1,0,1,0,0,1,0,1,0,1,0,1,0,1,0,0.03544159616100397
16,1,2,2,2,0,4,3,3,5,0,10,11,11,0,1,0,1,1,0,1,0,0,1,0,0,1,0,0,0,0,1,0,0,1,0,0,0,1,0,0,1,0,1,0,1,0,1,0,0,1,0,1,1,0,1,0,0,0.4436620665929525
16,2,2,3,2,0,4,4,5,4,4,9,10,11,0,1,1,0,1,0,1,0,0,1,0,0,1,0,0,0,0,1,0,0,1,0,0,0,0,1,0,1,0,0,1,1,0,1,0,0,1,0,1,0,1,1,0,0,0.33345332465084304
15,2,1,1,2,0,4,4,2,2,0,9,10,9,0,1,1,0,0,1,1,0,0,1,1,0,0,0,0,0,0,1,0,0,0,1,0,0,0,1,0,0,1,0,1,1,0,1,0,1,0,0,1,0,1,1,0,1,0.031914892541972405
17,1,2,1,1,0,5,5,5,3,4,10,11,11,0,1,0,1,1,0,0,1,0,1,1,0,0,0,0,0,0,0,1,0,0,0,0,1,0,1,0,1,0,0,1,1,0,0,1,0,1,0,1,0,1,1,0,1,0.9363685832196977
16,1,1,4,3,0,4,4,3,5,2,10,9,10,0,1,1,0,1,0,1,0,0,1,1,0,0,0,0,0,0,1,0,0,0,0,1,0,1,0,0,0,1,0,1,1,0,1,0,0,1,0,1,1,0,1,0,0,0.14890899575808048
15,1,1,2,2,0,4,3,3,2,1,11,10,11,0,1,1,0,1,0,1,0,0,1,1,0,0,0,0,0,0,1,0,0,0,1,0,0,1,0,0,1,0,0,1,1,0,0,1,0,1,0,1,0,1,1,0,0,0.09129284504578594
16,1,1,2,1,0,4,2,2,2,0,13,12,14,0,1,1,0,1,0,1,0,0,1,1,0,0,0,0,0,0,1,0,0,0,0,1,0,0,1,0,1,0,1,0,1,0,0,1,0,1,0,1,0,1,0,1,1,0.1154208463510845
16,1,1,2,1,0,3,4,4,5,6,11,11,11,0,1,0,1,1,0,1,0,0,1,1,0,0,0,0,0,0,1,0,0,0,0,1,0,1,0,0,1,0,1,0,1,0,0,1,0,1,0,1,1,0,1,0,1,0.9383729012004489
16,2,2,3,2,0,5,3,4,2,1,14,13,14,0,1,1,0,1,0,1,0,0,1,0,0,1,0,0,0,0,0,1,0,1,0,0,0,1,0,0,1,0,0,1,1,0,0,1,0,1,0,1,0,1,1,0,0,0.17139061456146196
15,3,3,1,2,0,4,5,4,1,4,13,12,12,0,1,1,0,1,0,1,0,0,1,0,0,0,1,0,0,0,1,0,0,0,0,0,1,0,1,0,1,0,0,1,1,0,1,0,0,1,0,1,0,1,0,1,0,0.0874776192956049
16,2,2,3,1,0,4,3,2,4,0,14,14,16,0,1,1,0,1,0,0,1,0,1,0,0,1,0,0,0,0,1,0,0,0,1,0,0,1,0,0,1,0,0,1,1,0,0,1,0,1,0,1,1,0,0,1,0,0.09266459308690467
15,1,3,3,1,0,4,2,4,3,2,10,11,11,0,1,0,1,1,0,0,1,0,1,1,0,0,0,0,0,0,1,0,0,0,0,0,1,1,0,0,1,0,0,1,1,0,0,1,0,1,0,1,0,1,1,0,1,0.8455948912698815
16,2,1,1,1,0,5,4,3,5,2,10,8,8,0,1,1,0,1,0,0,1,0,1,0,0,1,0,0,0,0,1,0,0,0,1,0,0,0,1,0,1,0,0,1,1,0,1,0,0,1,0,1,0,1,0,1,0,0.1929789881647178
15,3,3,2,1,0,4,3,3,3,11,12,10,11,0,1,0,1,0,1,1,0,0,1,0,0,0,1,0,0,0,0,1,0,1,0,0,0,1,0,0,1,0,0,1,1,0,0,1,1,0,0,1,0,1,1,0,1,0.7676636798714933
16,1,1,2,2,3,3,4,3,1,0,7,7,8,0,1,1,0,1,0,1,0,0,1,1,0,0,0,0,0,0,1,0,0,1,0,0,0,1,0,0,0,1,0,1,1,0,1,0,0,1,0,1,1,0,1,0,0,0.0669869104298715
17,2,2,1,1,0,4,5,3,5,4,9,9,10,0,1,1,0,0,1,1,0,0,1,0,0,1,0,0,1,0,0,0,0,1,0,0,0,0,1,0,1,0,0,1,1,0,0,1,0,1,1,0,1,0,1,0,0,0.04928248305546188
19,2,3,1,1,1,4,4,4,2,0,9,9,10,0,1,1,0,0,1,1,0,0,1,1,0,0,0,0,0,0,0,1,0,1,0,0,0,0,0,1,1,0,1,0,1,0,1,0,0,1,1,0,0,1,0,1,0,0.43581737348590577
17,2,1,3,1,0,5,5,3,3,2,9,10,11,0,1,1,0,1,0,1,0,0,1,1,0,0,0,0,0,0,1,0,0,1,0,0,0,0,1,0,1,0,0,1,1,0,0,1,0,1,1,0,1,0,0,1,0,0.06506876452052707
18,3,2,2,3,2,3,3,2,2,6,7,9,10,0,1,1,0,1,0,0,1,1,0,0,0,1,0,0,0,0,1,0,0,1,0,0,0,0,0,1,1,0,0,1,1,0,1,0,1,0,1,0,1,0,0,1,0,0.05520367697030518
18,1,1,2,1,1,4,4,3,4,0,8,9,10,0,1,0,1,1,0,1,0,0,1,0,0,1,0,0,0,0,1,0,0,0,1,0,0,0,1,0,1,0,1,0,1,0,0,1,0,1,1,0,0,1,1,0,1,0.6309958562667191
18,1,1,2,1,1,3,2,3,2,4,9,11,10,0,1,1,0,1,0,1,0,0,1,1,0,0,0,0,1,0,0,0,0,1,0,0,0,0,1,0,1,0,1,0,1,0,1,0,1,0,1,0,0,1,0,1,0,0.2794167999378739
16,2,2,1,2,0,3,3,2,3,2,8,10,10,0,1,1,0,1,0,1,0,1,0,0,1,0,0,0,0,0,1,0,0,1,0,0,0,0,1,0,1,0,1,0,1,0,1,0,1,0,0,1,1,0,0,1,0,0.04449759042097174
17,0,1,2,1,0,2,4,4,5,5,9,9,10,0,1,1,0,0,1,1,0,0,1,0,0,1,0,0,1,0,0,0,0,1,0,0,0,1,0,0,1,0,1,0,1,0,0,1,1,0,0,1,1,0,1,0,1,0.4922771183896963
16,3,3,1,1,0,4,5,4,4,0,14,13,13,0,1,1,0,0,1,1,0,0,1,0,0,1,0,0,0,0,1,0,0,0,0,0,1,0,1,0,1,0,1,0,1,0,0,1,0,1,1,0,0,1,0,1,0,0.20523978483201144
17,3,3,2,4,1,5,4,5,5,0,10,11,10,0,1,0,1,0,1,1,0,0,1,0,0,0,1,0,1,0,0,0,0,1,0,0,0,0,1,0,1,0,0,1,0,1,0,1,0,1,0,1,1,0,1,0,1,0.28559201238023296
17,1,2,1,1,1,5,3,5,1,12,6,7,7,0,1,0,1,0,1,1,0,0,1,0,0,1,0,0,0,0,1,0,0,1,0,0,0,1,0,0,1,0,0,1,1,0,0,1,0,1,1,0,0,1,0,1,1,0.7827994831044459
16,4,3,1,1,0,4,2,5,5,8,14,12,13,0,1,0,1,0,1,0,1,0,1,0,0,1,0,0,0,0,1,0,0,1,0,0,0,1,0,0,1,0,1,0,1,0,0,1,0,1,0,1,0,1,1,0,1,0.9372064665073953
17,2,2,3,4,1,1,3,5,3,2,10,8,9,0,1,0,1,1,0,0,1,0,1,0,0,0,1,0,0,0,0,1,0,0,0,1,0,0,1,0,1,0,0,1,1,0,1,0,0,1,0,1,1,0,1,0,1,0.9399970613113648
19,2,2,1,3,0,5,4,5,1,0,12,13,13,0,1,1,0,0,1,0,1,0,1,0,0,1,0,0,0,0,1,0,0,0,1,0,0,0,1,0,1,0,1,0,1,0,1,0,0,1,0,1,0,1,0,1,0,0.1498947372663003
20,3,3,2,2,1,3,3,4,3,8,11,9,10,0,1,1,0,0,1,1,0,0,1,1,0,0,0,0,0,0,0,1,0,0,0,1,0,0,1,0,1,0,1,0,1,0,0,1,0,1,0,1,0,1,0,1,1,0.7317289646578573
17,1,1,1,3,0,4,3,3,3,0,11,11,10,0,1,1,0,0,1,0,1,0,1,0,0,1,0,0,0,0,0,1,0,1,0,0,0,1,0,0,1,0,0,1,1,0,1,0,0,1,0,1,1,0,0,1,0,0.08070752024825582
17,1,0,2,2,0,4,4,5,4,1,11,9,10,0,1,1,0,0,1,1,0,1,0,0,0,1,0,0,0,0,1,0,0,0,0,1,0,0,1,0,1,0,1,0,1,0,1,0,0,1,0,1,0,1,0,1,0,0.35281545118677815
18,1,1,1,2,1,4,3,2,5,9,7,7,7,0,1,1,0,1,0,1,0,0,1,1,0,0,0,0,0,0,1,0,0,0,0,1,0,0,1,0,1,0,0,1,1,0,1,0,0,1,0,1,0,1,0,1,0,0.24366894355292373
16,2,1,2,2,0,5,2,1,2,0,8,7,0,0,1,0,1,1,0,1,0,0,1,0,0,1,0,0,0,0,0,1,0,0,0,0,1,0,1,0,1,0,1,0,1,0,0,1,0,1,0,1,0,1,1,0,0,0.09481188760816281
16,2,3,2,2,0,3,3,3,2,0,8,10,10,0,1,1,0,1,0,1,0,0,1,1,0,0,0,0,0,0,0,1,0,0,0,1,0,0,1,0,1,0,0,1,1,0,0,1,0,1,0,1,0,1,1,0,0,0.29211989505403724
18,4,4,1,4,0,5,5,5,5,2,5,6,6,0,1,0,1,0,1,0,1,0,1,1,0,0,0,0,0,1,0,0,0,0,1,0,0,0,1,0,1,0,0,1,1,0,0,1,0,1,1,0,0,1,0,1,1,0.7436701730255373
16,3,4,3,2,0,4,2,1,2,2,7,9,8,0,1,1,0,1,0,0,1,0,1,1,0,0,0,0,0,0,1,0,0,0,0,1,0,0,1,0,1,0,0,1,1,0,1,0,1,0,0,1,1,0,1,0,0,0.04243047902492289
17,3,3,1,1,0,4,1,4,3,8,7,10,9,0,1,0,1,0,1,1,0,0,1,0,0,0,1,0,0,0,0,1,0,0,1,0,0,0,1,0,1,0,0,1,1,0,0,1,0,1,0,1,0,1,1,0,1,0.8180615902122331
17,1,1,3,2,0,5,1,3,1,0,10,10,10,0,1,0,1,0,1,1,0,0,1,1,0,0,0,0,0,0,0,1,0,0,0,1,0,0,1,0,1,0,1,0,1,0,1,0,0,1,0,1,0,1,0,1,1,0.4942990799237818
16,2,1,1,2,0,3,2,2,3,0,14,15,16,0,1,1,0,0,1,0,1,0,1,0,0,1,0,0,0,0,0,1,0,0,0,1,0,0,1,0,1,0,1,0,1,0,1,0,0,1,0,1,0,1,0,1,0,0.1766954465644228
16,4,4,1,1,0,4,1,2,5,0,11,12,12,0,1,0,1,0,1,0,1,0,1,0,0,0,0,1,0,1,0,0,0,0,0,1,0,1,0,0,1,0,0,1,1,0,1,0,0,1,0,1,0,1,1,0,1,0.7191290348757075
17,2,2,2,2,0,5,1,3,5,0,11,9,11,0,1,1,0,1,0,1,0,0,1,0,0,1,0,0,0,0,1,0,0,0,0,1,0,0,1,0,0,1,1,0,0,1,1,0,0,1,0,1,1,0,1,0,0,0.1525855505459023
17,1,3,2,1,0,5,1,2,5,2,12,11,12,0,1,0,1,1,0,0,1,0,1,0,0,1,0,0,0,0,1,0,0,1,0,0,0,1,0,0,1,0,1,0,1,0,0,1,0,1,0,1,1,0,0,1,1,0.49562247274621873
17,3,4,1,2,1,5,4,4,5,8,8,9,8,0,1,0,1,0,1,1,0,0,1,0,0,0,1,0,0,0,1,0,0,0,0,1,0,0,1,0,1,0,0,1,1,0,0,1,1,0,0,1,0,1,0,1,1,0.8530355517966771
17,4,4,1,2,0,5,2,5,5,0,13,15,16,0,1,1,0,0,1,1,0,0,1,0,1,0,0,0,0,1,0,0,0,1,0,0,0,1,0,0,1,0,0,1,1,0,1,0,0,1,0,1,0,1,1,0,0,0.2750296941076569
19,1,1,1,2,2,4,4,3,4,2,9,9,10,0,1,0,1,0,1,1,0,0,1,0,0,1,0,0,0,0,1,0,0,0,0,1,0,0,1,0,1,0,0,1,1,0,0,1,0,1,1,0,0,1,1,0,1,0.5661164958512215
17,1,0,1,1,0,4,1,2,5,4,11,11,12,0,1,0,1,0,1,0,1,1,0,0,0,1,0,0,0,0,1,0,0,0,1,0,0,0,1,0,1,0,1,0,1,0,1,0,0,1,0,1,1,0,0,1,0,0.332284751569522
16,1,2,1,3,0,4,3,4,3,5,13,14,13,0,1,1,0,1,0,1,0,0,1,0,0,1,0,0,0,0,1,0,0,0,1,0,0,1,0,0,0,1,0,1,1,0,1,0,1,0,0,1,0,1,0,1,0,0.33633920275980844
16,1,2,1,1,0,4,4,4,5,4,9,10,11,0,1,0,1,1,0,0,1,0,1,0,0,1,0,0,1,0,0,0,0,1,0,0,0,0,1,0,1,0,1,0,1,0,1,0,0,1,0,1,1,0,1,0,1,0.6949889787043069
17,3,1,2,2,3,5,4,4,5,2,7,9,10,0,1,1,0,1,0,1,0,0,1,0,0,1,0,0,0,0,1,0,0,1,0,0,0,0,1,0,1,0,0,1,1,0,0,1,1,0,0,1,0,1,0,1,0,0.31199599527565025
17,2,2,2,1,0,5,5,5,5,0,8,13,10,0,1,0,1,1,0,1,0,0,1,0,0,1,0,0,0,0,1,0,0,1,0,0,0,0,1,0,1,0,1,0,1,0,0,1,0,1,1,0,1,0,0,1,1,0.7984380237077613
18,1,0,3,1,1,4,3,2,4,0,12,12,13,0,1,0,1,1,0,1,0,0,1,1,0,0,0,0,1,0,0,0,0,1,0,0,0,0,0,1,0,1,0,1,1,0,1,0,0,1,0,1,1,0,1,0,0,0.25954200130356725
16,2,2,1,2,0,5,4,3,1,0,11,13,12,0,1,1,0,1,0,0,1,0,1,0,0,1,0,0,0,0,0,1,0,1,0,0,0,1,0,0,1,0,1,0,1,0,0,1,0,1,0,1,1,0,0,1,0,0.07605613366974966
16,1,1,2,1,0,4,5,5,5,0,10,10,9,0,1,0,1,1,0,0,1,0,1,1,0,0,0,0,0,0,1,0,0,1,0,0,0,0,1,0,1,0,1,0,1,0,0,1,0,1,0,1,0,1,1,0,1,0.9371400061314585
19,3,2,2,1,3,3,2,1,3,4,6,11,9,0,1,0,1,0,1,1,0,0,1,1,0,0,0,0,0,0,0,1,0,1,0,0,0,0,1,0,1,0,1,0,1,0,0,1,0,1,0,1,1,0,1,0,0,0.32957584801653145
16,2,2,2,1,0,5,4,3,4,6,7,8,8,0,1,0,1,1,0,1,0,0,1,0,0,0,1,0,0,0,0,1,0,1,0,0,0,0,1,0,1,0,0,1,1,0,0,1,0,1,0,1,0,1,0,1,1,0.6560320598787395
16,3,2,2,2,2,2,5,5,1,8,5,5,7,0,1,1,0,0,1,1,0,1,0,0,0,0,1,0,1,0,0,0,0,1,0,0,0,0,1,0,1,0,0,1,1,0,0,1,0,1,0,1,1,0,0,1,0,0.10296887462473721
20,1,1,2,1,1,4,4,3,4,12,8,11,10,0,1,0,1,1,0,1,0,0,1,0,0,1,0,0,0,0,1,0,0,1,0,0,0,0,0,1,1,0,0,1,1,0,1,0,0,1,1,0,0,1,0,1,1,0.8130197192389722
18,4,3,1,1,0,5,4,4,2,8,10,11,10,0,1,1,0,1,0,1,0,1,0,0,0,0,1,0,0,0,0,1,0,1,0,0,0,0,1,0,1,0,0,1,1,0,1,0,0,1,0,1,0,1,1,0,1,0.18225281240050623
18,3,2,2,1,0,2,5,5,5,8,9,10,11,0,1,0,1,1,0,1,0,0,1,0,0,1,0,0,0,0,1,0,0,1,0,0,0,0,1,0,1,0,0,1,1,0,1,0,1,0,0,1,0,1,1,0,1,0.9779725227997331
19,1,1,3,2,1,5,4,4,2,8,10,9,11,0,1,0,1,1,0,1,0,0,1,0,0,1,0,0,0,0,0,1,0,0,1,0,0,0,0,1,1,0,1,0,1,0,1,0,0,1,0,1,0,1,1,0,1,0.7998624596131685
19,1,1,3,1,1,4,4,4,5,4,8,9,10,0,1,0,1,1,0,1,0,0,1,0,0,1,0,0,0,0,1,0,0,0,1,0,0,0,0,1,1,0,0,1,1,0,1,0,0,1,0,1,0,1,1,0,1,0.8836030197434488
18,1,2,2,2,2,4,3,3,5,2,6,8,8,0,1,1,0,0,1,1,0,1,0,1,0,0,0,0,0,0,1,0,0,1,0,0,0,0,1,0,1,0,0,1,1,0,1,0,0,1,0,1,1,0,1,0,0,0.05583899613217187
19,1,1,1,1,0,1,4,4,5,0,6,8,7,0,1,1,0,0,1,0,1,1,0,1,0,0,0,0,0,0,1,0,0,1,0,0,0,0,1,0,1,0,0,1,1,0,1,0,0,1,1,0,1,0,1,0,0,0.4903407316011639
18,2,2,2,1,1,5,5,5,3,0,8,6,0,0,1,1,0,1,0,1,0,0,1,0,0,1,0,0,0,0,1,0,0,0,0,1,0,0,1,0,1,0,1,0,1,0,1,0,0,1,1,0,0,1,0,1,0,0.5222546439322181
17,0,0,2,1,0,4,4,3,5,0,10,11,11,0,1,1,0,1,0,1,0,0,1,1,0,0,0,0,0,0,1,0,0,1,0,0,0,0,1,0,1,0,0,1,1,0,1,0,0,1,0,1,0,1,1,0,0,0.19751330340995651
18,2,2,2,2,0,4,3,5,1,2,12,13,14,0,1,1,0,0,1,1,0,0,1,0,0,0,1,0,1,0,0,0,0,0,0,0,1,1,0,0,1,0,1,0,1,0,0,1,1,0,0,1,0,1,1,0,0,0.2301375852521062
17,3,3,2,1,0,4,4,3,4,0,11,12,13,0,1,1,0,0,1,1,0,0,1,0,0,0,1,0,0,0,0,1,0,1,0,0,0,0,1,0,1,0,0,1,1,0,1,0,0,1,0,1,0,1,1,0,0,0.13567501623154934
18,4,4,1,1,0,5,4,5,5,3,17,17,17,0,1,0,1,0,1,0,1,0,1,0,0,0,1,0,0,0,1,0,0,0,0,0,1,0,1,0,1,0,0,1,1,0,0,1,0,1,0,1,0,1,1,0,0,0.8522530035485343
18,2,2,3,2,1,4,3,3,4,0,9,0,0,0,1,1,0,1,0,1,0,0,1,1,0,0,0,0,0,0,1,0,0,1,0,0,0,0,1,0,1,0,1,0,1,0,0,1,0,1,0,1,1,0,0,1,0,0.11594746131896407
18,1,2,2,1,0,4,1,4,1,8,10,11,11,0,1,0,1,0,1,0,1,0,1,1,0,0,0,0,0,0,0,1,0,0,1,0,0,0,1,0,1,0,0,1,1,0,1,0,1,0,0,1,1,0,1,0,1,0.8743727786164028
18,4,4,3,1,0,2,5,5,1,5,12,13,14,0,1,0,1,1,0,1,0,0,1,1,0,0,0,0,0,0,0,1,0,0,0,1,0,0,1,0,1,0,0,1,0,1,0,1,0,1,0,1,0,1,0,1,0,0.9848165971686335
17,1,1,3,1,0,4,2,3,4,4,12,13,14,0,1,0,1,1,0,1,0,0,1,0,0,1,0,0,0,0,0,1,0,0,0,1,0,1,0,0,1,0,1,0,1,0,1,0,1,0,1,0,1,0,1,0,1,0.8993487608698861
18,2,2,2,2,0,1,3,1,2,4,8,8,10,0,1,1,0,0,1,1,0,0,1,0,0,1,0,0,0,0,1,0,0,1,0,0,0,0,1,0,1,0,0,1,1,0,1,0,1,0,0,1,0,1,0,1,0,0.063273278327355
18,4,2,1,2,0,5,3,1,5,0,5,0,0,0,1,1,0,1,0,0,1,1,0,0,0,0,0,1,0,0,1,0,0,0,0,0,1,0,1,0,1,0,1,0,1,0,0,1,0,1,0,1,0,1,0,1,0,0.03815054185688889
18,3,3,1,2,0,5,3,4,5,0,10,10,10,0,1,1,0,0,1,1,0,0,1,0,0,0,1,0,0,0,0,1,0,1,0,0,0,1,0,0,1,0,0,1,1,0,1,0,0,1,0,1,1,0,0,1,0,0.196398432631565
18,1,1,2,3,0,5,3,2,4,0,19,17,18,0,1,1,0,0,1,0,1,0,1,1,0,0,0,0,0,0,0,1,0,1,0,0,0,1,0,0,1,0,1,0,1,0,1,0,0,1,0,1,0,1,1,0,0,0.07069690739145523
17,4,4,1,2,0,2,3,4,1,4,15,14,15,0,1,1,0,0,1,0,1,0,1,1,0,0,0,0,1,0,0,0,0,1,0,0,0,0,1,0,1,0,0,1,1,0,0,1,0,1,0,1,0,1,0,1,0,0.20176252538317305
18,1,3,2,2,0,3,3,4,3,0,8,10,9,0,1,0,1,1,0,1,0,0,1,1,0,0,0,0,0,0,1,0,0,1,0,0,0,0,1,0,1,0,0,1,0,1,1,0,0,1,0,1,1,0,1,0,1,0.7142514487450977
18,4,4,3,2,0,3,2,2,5,0,7,5,0,0,1,1,0,1,0,1,0,0,1,0,0,1,0,0,0,0,0,0,1,0,0,1,0,1,0,0,1,0,0,1,1,0,1,0,1,0,0,1,0,1,0,1,1,0.18358478686614205
17,2,2,1,3,0,3,4,3,3,8,10,11,12,0,1,1,0,0,1,1,0,0,1,0,0,1,0,0,1,0,0,0,0,0,1,0,0,0,1,0,1,0,1,0,1,0,0,1,0,1,0,1,1,0,0,1,0,0.04067938329964739
18,4,4,2,3,0,5,4,4,1,0,15,17,17,0,1,1,0,1,0,0,1,0,1,0,0,1,0,0,0,0,1,0,0,0,0,0,1,0,1,0,1,0,1,0,1,0,1,0,0,1,0,1,0,1,1,0,0,0.06698975513520307
19,1,1,2,2,1,4,3,3,3,4,7,8,9,0,1,1,0,1,0,1,0,0,1,1,0,0,0,0,0,0,1,0,0,1,0,0,0,0,0,1,1,0,0,1,1,0,1,0,0,1,0,1,0,1,0,1,0,0.19461047640000365
18,4,4,1,2,0,5,4,3,2,1,13,14,14,0,1,1,0,1,0,0,1,0,1,0,0,0,0,1,0,0,0,1,0,1,0,0,0,0,1,0,1,0,1,0,1,0,0,1,0,1,0,1,0,1,1,0,1,0.1984937193335139
17,2,3,2,2,0,4,4,3,3,4,14,15,16,0,1,0,1,0,1,1,0,0,1,0,0,1,0,0,0,0,0,1,0,0,1,0,0,1,0,0,1,0,1,0,1,0,0,1,0,1,0,1,0,1,1,0,0,0.6106106701330678
18,4,2,2,1,1,5,4,3,3,0,7,7,0,0,1,0,1,1,0,1,0,0,1,0,0,1,0,0,0,0,1,0,0,0,1,0,0,1,0,0,1,0,1,0,0,1,1,0,0,1,0,1,1,0,1,0,1,0.4312507139052017
17,4,3,2,2,0,5,5,4,1,0,6,9,11,0,1,1,0,0,1,1,0,0,1,0,0,0,0,1,0,0,1,0,0,0,0,1,0,0,1,0,1,0,1,0,1,0,1,0,0,1,0,1,0,1,1,0,0,0.11323281482363486
18,3,1,1,2,0,4,3,4,1,4,15,15,16,0,1,1,0,0,1,0,1,0,1,0,0,0,0,1,0,0,0,1,0,1,0,0,0,0,1,0,1,0,0,1,1,0,1,0,0,1,0,1,0,1,1,0,0,0.27678365848723346
18,1,1,2,2,0,1,1,1,5,6,11,12,9,0,1,1,0,0,1,1,0,0,1,0,0,1,0,0,0,0,1,0,0,1,0,0,0,0,1,0,1,0,1,0,1,0,0,1,0,1,0,1,1,0,1,0,0,0.06272317172591373
17,3,1,2,1,0,2,4,5,2,6,10,10,10,0,1,0,1,0,1,0,1,0,1,0,0,0,1,0,0,0,0,1,0,1,0,0,0,0,1,0,1,0,1,0,1,0,1,0,1,0,0,1,0,1,1,0,1,0.9698751218004551
18,3,2,3,1,0,4,4,1,5,4,10,11,11,0,1,0,1,1,0,0,1,0,1,0,0,0,1,0,0,0,1,0,0,1,0,0,0,0,1,0,1,0,1,0,1,0,1,0,1,0,0,1,0,1,1,0,1,0.4792113728841891
